n,b_paretocustom,sd_paretocustom,b_true
1000,-2.2105656355398473,0.03724272086816595,-2.2
1000,-1.9963365015268006,0.03339946340983799,-1.9500000000000002
1000,-1.6778525520628234,0.022245483471707402,-1.7000000000000002
1000,-1.4640809455074206,0.014617279172723856,-1.45
1000,-1.2021915413806792,0.008203564008881016,-1.2
