name,true_value,value,.lower,.upper,.width,.point,.interval
a,-1.5,-1.4932724950565723,-1.716831649305786,-1.3186034048189985,0.95,median,qi
beta_mat,-0.1,-0.10661623582868208,-0.12570178493277553,-0.08801636369060842,0.95,median,qi
sigma_year,0.1,0.1551856112743049,0.07127848156272559,0.44551335031071976,0.95,median,qi
group_1,-1.4110979810473254,-1.4109673334154973,-1.459118731361436,-1.3639848518139688,0.95,median,qi
group_2,-1.4342218187577258,-1.4165031081443045,-1.4652756723654763,-1.3696315444016336,0.95,median,qi
group_3,-1.6090092044690425,-1.6151716738681825,-1.6677092608050053,-1.5652098732164288,0.95,median,qi
